"node_id","longitude","latitude","altitude"
370820599,-122.462604,37.7584631,122
65303772,-122.453077,37.749345,161
65303786,-122.451588,37.751244,176
65340654,-122.456242,37.755445,234
370820623,-122.461843,37.7565741,128
65303822,-122.445457,37.747337,205
65340703,-122.460157,37.753738,194
65365356,-122.43972,37.7477682,130
65303931,-122.44093,37.754102,146
65303933,-122.440853,37.753304,139
65340802,-122.440059,37.761075,88
65303936,-122.440774,37.752498,133
65303940,-122.440695,37.751698,129
65303941,-122.440616,37.750902,127
65303943,-122.440435,37.7489556,114
65365397,-122.442254,37.746931,169
65353117,-122.451067,37.751249,186
65353139,-122.454932,37.741777,168
258929529,-122.436711,37.7387965,178
258929532,-122.437421,37.738335,153
65304059,-122.437342,37.762355,82
65304062,-122.437305,37.7619275,82
65304065,-122.437191,37.760758,59
65304068,-122.436886,37.757557,63
65304071,-122.4366,37.754359,97
65304073,-122.436527,37.75354,97
65304075,-122.436454,37.75276,92
65304078,-122.436377,37.75196,92
65304080,-122.436299,37.751153,83
65304084,-122.436227,37.7503578,76
65304088,-122.436067,37.748762,83
65304090,-122.43599,37.747963,95
65304092,-122.435916,37.747179,105
65316382,-122.437626,37.7436615,167
65304095,-122.435841,37.746373,115
65353251,-122.454523,37.744762,165
65353253,-122.454836,37.744474,162
65304099,-122.435757,37.7455554,125
65316388,-122.438076,37.74282,161
65304101,-122.435611,37.7439791,145
65304103,-122.435559,37.743161,151
65316397,-122.438804,37.742551,163
65316399,-122.439319,37.7426282,163
65304111,-122.435509,37.742592,157
65304116,-122.435387,37.741923,142
65304127,-122.435562,37.741549,169
65353284,-122.465036,37.740651,112
65316422,-122.438661,37.74066,183
65304144,-122.436916,37.737796,158
65304146,-122.436135,37.738367,146
65304150,-122.435614,37.738597,164
65304159,-122.434715,37.737547,119
65316450,-122.435894,37.740178,186
65304165,-122.434697,37.737256,119
65304167,-122.434564,37.736779,96
65304176,-122.433868,37.7345129,79
65304180,-122.433947,37.73426,66
65304182,-122.43405,37.73389,66
313886091,-122.455757,37.75446,209
65353359,-122.439855,37.754165,129
65304204,-122.437389,37.7382705,153
65341079,-122.462068,37.750274,157
65304276,-122.465383,37.766017,81
65291990,-122.431051,37.732694,55
358888595,-122.429337,37.7346652,81
360682822,-122.44337,37.7421701,143
65292169,-122.451113,37.728358,101
65329040,-122.437456,37.7399879,181
65292183,-122.451161,37.733058,165
258929958,-122.439898,37.7378065,103
65292186,-122.451169,37.733802,185
65329053,-122.44957,37.739308,202
65329055,-122.450423,37.739338,208
261510671,-122.406875,37.759368,23
65365945,-122.454683,37.755081,201
261510709,-122.406425,37.754584,15
442724325,-122.444826,37.7596565,140
65366065,-122.446245,37.751669,235
65353781,-122.460423,37.75678,192
65366081,-122.446132,37.752897,257
65280097,-122.468133,37.744124,149
358901209,-122.441943,37.7359311,114
65280143,-122.447303,37.757891,177
65280147,-122.446969,37.7575763,170
65353919,-122.441499,37.748942,146
65353950,-122.452041,37.757354,215
65292556,-122.452895,37.758063,217
65292558,-122.453082,37.7583162,230
65354018,-122.435808,37.757623,63
65292574,-122.454943,37.75875,222
65354035,-122.435916,37.754389,109
65292595,-122.456888,37.757212,278
65354048,-122.432254,37.755423,87
65304911,-122.457131,37.752767,204
287834139,-122.459209,37.7472476,145
65304944,-122.456014,37.752359,170
65329523,-122.452723,37.755348,237
65304952,-122.457384,37.752342,179
65280377,-122.426391,37.733675,61
65280380,-122.427695,37.733554,51
65280384,-122.42856,37.733473,54
65280387,-122.429422,37.733393,60
65280389,-122.430278,37.733313,63
65329545,-122.453345,37.756698,227
65280393,-122.431123,37.73318,65
65280405,-122.431853,37.7331293,59
65304991,-122.439491,37.762227,82
65304997,-122.439337,37.760627,71
65304999,-122.439256,37.759808,63
65305002,-122.439114,37.758463,71
65280425,-122.432896,37.7333653,54
65305004,-122.439074,37.757855,71
65305006,-122.439033,37.757415,88
65305008,-122.439003,37.75709,88
65280432,-122.434129,37.733607,66
65280438,-122.434983,37.7337665,68
65305019,-122.43878,37.754229,103
65305022,-122.438704,37.753434,99
65280445,-122.435829,37.733915,65
65305025,-122.438628,37.752629,97
65305027,-122.438551,37.751828,97
65280452,-122.436666,37.7340852,67
65305030,-122.438474,37.751024,92
65305032,-122.438397,37.750226,92
65305034,-122.438246,37.7486366,97
65305036,-122.438166,37.747832,114
65280462,-122.438392,37.73442,73
65305042,-122.43809,37.74705,125
65305045,-122.438011,37.746231,147
65305047,-122.437934,37.745435,151
65280473,-122.439936,37.7349405,91
65280488,-122.441943,37.7359855,114
65366518,-122.451283,37.7532741,216
65280502,-122.431685,37.731652,50
65317409,-122.432938,37.7626213,43
65317411,-122.434062,37.762551,52
65305137,-122.44695,37.75655,191
65317433,-122.444196,37.761947,159
65280573,-122.437558,37.7341735,66
65280576,-122.438408,37.734341,74
65305155,-122.444485,37.756354,144
65317447,-122.451958,37.761478,116
65305162,-122.444219,37.755584,172
65354324,-122.455599,37.728457,108
65280619,-122.441556,37.736862,129
65354354,-122.456881,37.732434,151
65305204,-122.444358,37.751738,196
65354366,-122.45823,37.733883,176
65305213,-122.444719,37.750963,216
65305220,-122.445299,37.7508933,216
65305224,-122.445779,37.750504,235
65329805,-122.431858,37.7346,86
65305240,-122.444948,37.749658,206
65305249,-122.444808,37.749254,208
65305263,-122.445022,37.748369,218
65305269,-122.444987,37.748008,218
65305271,-122.44487,37.7469313,205
420506566,-122.50914,37.7584196,8
65305314,-122.453994,37.7284964,108
65366760,-122.459064,37.733645,172
65280762,-122.458347,37.7517743,144
65280764,-122.45821,37.7523227,173
65305342,-122.455261,37.732924,164
258967694,-122.443572,37.736486,155
65280769,-122.458811,37.7519372,171
65280771,-122.458811,37.7517336,134
65280776,-122.442381,37.753669,169
65354511,-122.450059,37.74754,222
65305356,-122.456516,37.734267,182
65280780,-122.441883,37.7533703,155
65354522,-122.406882,37.749727,14
65305369,-122.457563,37.734486,205
65280793,-122.443013,37.754014,184
65280795,-122.442476,37.753719,169
65280798,-122.45002,37.751135,197
65329954,-122.46489,37.736045,117
65329958,-122.46444,37.734638,126
65305384,-122.459505,37.734291,172
65354542,-122.431557,37.748229,63
325156292,-122.451533,37.7453617,183
65329972,-122.464204,37.735708,119
65280835,-122.449567,37.75414,225
65280848,-122.453475,37.7446075,171
65280850,-122.452675,37.743872,178
65366884,-122.424573,37.739866,52
65280873,-122.451595,37.7435833,180
65366933,-122.429496,37.737824,115
65317782,-122.412844,37.762229,10
263133817,-122.447239,37.7540965,234
65305510,-122.4272,37.749296,47
65305512,-122.429423,37.749158,50
65354669,-122.455641,37.741073,170
65305514,-122.43164,37.749028,58
65317819,-122.436614,37.7387575,178
258967892,-122.424841,37.7494395,65
65305544,-122.443961,37.746765,186
65305602,-122.462687,37.748514,184
65305619,-122.461941,37.748997,162
65367101,-122.440999,37.756218,117
311712397,-122.427783,37.7582195,49
317353055,-122.431563,37.7466218,89
65367113,-122.441729,37.754637,149
65342539,-122.447758,37.742402,151
65342548,-122.4478,37.741772,166
65330260,-122.446286,37.740069,164
317353115,-122.432986,37.742201,98
317353116,-122.433004,37.7425184,98
317353117,-122.433309,37.7424279,98
317353118,-122.432999,37.742438,98
317353119,-122.433141,37.7409048,109
317353122,-122.433189,37.7413077,105
65293443,-122.447541,37.737977,200
317353123,-122.433214,37.7413806,105
65293448,-122.447809,37.737318,196
65293450,-122.448001,37.736602,184
65330327,-122.4628,37.7400695,118
317353140,-122.433811,37.7416538,129
317353141,-122.434103,37.74122,129
65318046,-122.428354,37.76129,28
65318050,-122.428313,37.7605039,25
65318052,-122.428158,37.7589093,48
317353154,-122.432998,37.7415648,105
65330342,-122.4633,37.737928,132
65318054,-122.428038,37.7580882,58
317353156,-122.432973,37.7416847,105
65330344,-122.463136,37.737023,131
65318056,-122.42797,37.757292,51
65318058,-122.427813,37.75569,83
65318060,-122.427736,37.754897,80
317353163,-122.43261,37.74133,86
65318063,-122.427583,37.753292,70
65318067,-122.427437,37.751705,60
317353170,-122.432469,37.741775,86
65318069,-122.427123,37.748496,44
317353171,-122.433177,37.7411965,105
65318071,-122.427045,37.747696,42
65318074,-122.426968,37.746897,42
65318080,-122.42693,37.746499,44
65318082,-122.426891,37.746099,44
65330372,-122.450448,37.733804,174
65318084,-122.426746,37.744497,44
65318098,-122.426594,37.742897,42
65318100,-122.426518,37.742098,43
65318115,-122.42683,37.7420779,43
65293636,-122.428236,37.7596896,32
65367373,-122.44385,37.758159,111
65293642,-122.430442,37.7595539,33
65293645,-122.432638,37.759423,35
65293648,-122.433745,37.759356,42
65293652,-122.434854,37.759289,42
318299587,-122.427624,37.7372688,101
65293657,-122.435957,37.759223,46
65293658,-122.437039,37.759157,49
65293660,-122.438112,37.759093,57
65293661,-122.439167,37.759028,63
65293662,-122.440096,37.758979,66
65293669,-122.440798,37.759025,72
65293671,-122.440999,37.7590111,72
65293674,-122.442175,37.758939,83
65293678,-122.442991,37.758893,95
65293687,-122.443795,37.759135,95
65293698,-122.444822,37.759409,140
65293710,-122.444948,37.759407,140
65293715,-122.445864,37.759484,146
65306043,-122.446271,37.752779,257
65306058,-122.445688,37.751853,235
65330704,-122.438564,37.7338823,74
65330711,-122.438816,37.733087,102
65330717,-122.438078,37.735416,86
65367585,-122.444707,37.758825,130
318299785,-122.429315,37.7379491,115
65293878,-122.440752,37.734389,102
65293880,-122.441197,37.734415,102
65293884,-122.442011,37.734403,107
65293898,-122.442971,37.734564,119
65293899,-122.444337,37.734557,138
65293902,-122.445354,37.734549,158
65293930,-122.463216,37.7585827,105
65293933,-122.463782,37.758538,105
65293936,-122.464851,37.758491,111
287835447,-122.451654,37.7454669,183
65293970,-122.473495,37.759331,111
65343127,-122.433766,37.7401431,135
65355451,-122.434472,37.742555,117
258919553,-122.459558,37.7489715,132
258919555,-122.461489,37.7515165,137
318300005,-122.435794,37.7401395,186
65367841,-122.44184,37.754666,149
437601656,-122.451422,37.7547451,263
65367855,-122.443246,37.7501806,174
65306433,-122.442371,37.757584,109
318300088,-122.438453,37.7394425,163
65306452,-122.443261,37.757762,98
65306457,-122.443626,37.7497787,174
65343351,-122.460015,37.739282,146
65343375,-122.461441,37.738111,147
65306533,-122.440141,37.759402,67
65306534,-122.441041,37.759348,72
65306535,-122.441853,37.759298,78
65294255,-122.425864,37.758338,31
65367989,-122.436583,37.734325,67
65367993,-122.437069,37.7329109,73
65306557,-122.443548,37.751799,180
65294323,-122.424852,37.7478245,49
65294368,-122.424469,37.7438355,34
65306680,-122.42667,37.7437,45
65306682,-122.428883,37.743565,65
65306684,-122.4311,37.743431,82
360685091,-122.443981,37.742024,135
65306688,-122.434622,37.743218,120
65368155,-122.444872,37.76051,146
65343578,-122.457823,37.735515,222
65306741,-122.461185,37.748984,151
360685146,-122.446057,37.7441587,144
65343624,-122.457589,37.735561,222
65306766,-122.460812,37.748077,152
65306774,-122.461836,37.7473216,169
65319080,-122.445834,37.734863,164
358891018,-122.428081,37.7356325,88
358891019,-122.428656,37.7351505,76
65319116,-122.448828,37.7359175,179
65319118,-122.449993,37.735841,189
65306869,-122.424908,37.7390107,61
65306872,-122.425815,37.738952,62
65306875,-122.428105,37.738676,84
65343772,-122.45718,37.7466585,144
265666762,-122.406394,37.7529877,18
265666764,-122.406239,37.7513773,16
65294626,-122.453802,37.736677,256
65294632,-122.453783,37.73602,236
432711161,-122.445696,37.7442265,144
432711164,-122.440235,37.7365996,97
432711167,-122.439713,37.7363121,97
65356091,-122.457905,37.761,185
432711169,-122.441913,37.7410973,117
65343810,-122.453913,37.7456662,171
65343821,-122.454643,37.7461481,173
65294667,-122.458972,37.7405795,155
65343828,-122.455458,37.7463721,167
65294676,-122.45984,37.741061,165
432711199,-122.442162,37.7412263,120
65294688,-122.461942,37.743006,145
65294693,-122.46286,37.743384,143
65343865,-122.455475,37.7462838,167
65294721,-122.455641,37.734755,211
65343884,-122.45387,37.7457341,171
65307038,-122.44099,37.7611195,103
65307040,-122.44093,37.760528,82
65294756,-122.453094,37.735102,224
65307050,-122.440903,37.733104,108
65294765,-122.451698,37.735148,211
360857529,-122.442892,37.7521343,164
360857562,-122.442686,37.7521324,164
358891330,-122.42882,37.7349673,81
360857577,-122.442783,37.7520896,164
65307143,-122.428712,37.7352037,76
65307146,-122.429055,37.735448,93
65294877,-122.451686,37.7456086,183
65294883,-122.450589,37.7442343,180
65294885,-122.449911,37.7434131,175
65356357,-122.434723,37.745612,116
65294931,-122.445964,37.741199,149
65344112,-122.435503,37.736788,118
65307282,-122.445223,37.738693,180
65307287,-122.446182,37.738376,191
65295000,-122.443661,37.7365216,155
65344165,-122.444008,37.761282,145
65344227,-122.443188,37.756039,141
65344233,-122.442931,37.755479,149
65344245,-122.442387,37.754816,162
388016560,-122.462086,37.7488067,162
388016562,-122.461875,37.7488791,162
356716487,-122.439798,37.7334472,103
65344298,-122.44361,37.752312,178
65344317,-122.44372,37.7515109,180
65344347,-122.443258,37.750132,174
65332086,-122.460477,37.73518,157
65282931,-122.449842,37.7433316,175
65282934,-122.449934,37.74297,175
65344385,-122.436357,37.736861,119
65344387,-122.436156,37.73654,118
65332103,-122.461551,37.734754,148
65282949,-122.430928,37.733867,75
65282954,-122.434461,37.7325335,60
65332110,-122.462495,37.734806,138
65344399,-122.4321,37.753823,97
65282960,-122.431262,37.733505,65
65282963,-122.432416,37.7327981,54
65369025,-122.465845,37.738494,110
65283026,-122.436529,37.7439856,158
65283028,-122.436591,37.743904,158
65283086,-122.433715,37.735036,71
344390860,-122.459892,37.7621283,108
65283094,-122.432647,37.734541,79
65283101,-122.433011,37.735573,87
65283112,-122.432868,37.735839,96
65283117,-122.435411,37.7352999,95
65332277,-122.445747,37.7352998,175
65283125,-122.436142,37.735501,102
65307721,-122.440132,37.742354,159
65307724,-122.440649,37.7423771,153
65332348,-122.451266,37.7456053,188
65356928,-122.441347,37.74654,178
65332387,-122.444037,37.747705,196
65369260,-122.438135,37.736709,103
300752772,-122.422284,37.745589,30
65356982,-122.443374,37.745898,182
65332413,-122.443033,37.7515381,180
65307839,-122.426634,37.754962,59
65307849,-122.426251,37.750962,53
65295592,-122.450448,37.756743,226
65295594,-122.451108,37.756714,226
65369329,-122.443513,37.758499,98
65369332,-122.443595,37.758234,98
65295600,-122.452126,37.756659,230
65332521,-122.464018,37.7399338,111
65332533,-122.461094,37.7403495,128
65295691,-122.464683,37.746813,211
65295703,-122.463604,37.746676,195
65295706,-122.463572,37.745912,185
65295707,-122.464177,37.746404,205
65332576,-122.454253,37.7440305,175
300752968,-122.423451,37.7575649,33
356717128,-122.439798,37.7336712,95
65332653,-122.443441,37.750015,174
65332667,-122.448614,37.7465036,207
65332673,-122.443682,37.7501439,174
65332678,-122.443285,37.7500343,174
65357285,-122.444428,37.738677,161
65332714,-122.457468,37.740969,167
65332720,-122.455748,37.742075,176
65332753,-122.45182,37.7455517,183
65369643,-122.440028,37.7453185,188
65369646,-122.44127,37.745231,192
65308222,-122.448982,37.740541,185
65369671,-122.443423,37.746601,184
65308233,-122.448703,37.739277,196
65295984,-122.447852,37.739851,179
65296001,-122.448148,37.738073,202
260494514,-122.436239,37.762104,72
260494519,-122.439397,37.761379,77
260494520,-122.44098,37.761035,103
260494522,-122.443479,37.760475,112
260494523,-122.443771,37.758241,98
260494525,-122.443162,37.757818,98
260494526,-122.442664,37.7525424,164
260494531,-122.443435,37.7500528,174
260494532,-122.443407,37.7501515,174
65369824,-122.435584,37.741612,169
65369828,-122.4358,37.742105,157
65369832,-122.436098,37.742519,157
65369838,-122.436472,37.742886,159
65369841,-122.437227,37.743421,162
65369863,-122.440088,37.74541,188
65369866,-122.440126,37.745581,188
65369869,-122.440148,37.745816,188
275511769,-122.430981,37.7458486,93
65369872,-122.440068,37.74655,173
65369875,-122.440134,37.74678,173
65369878,-122.440281,37.746973,148
65369881,-122.440487,37.747139,156
65369883,-122.440818,37.747251,156
65283861,-122.454467,37.743718,175
65283863,-122.453773,37.743219,178
65369886,-122.440939,37.747256,156
65369888,-122.441105,37.747264,156
65308445,-122.452506,37.733796,192
65369891,-122.441392,37.747207,161
65308448,-122.452784,37.734414,220
65369894,-122.442112,37.746976,161
275511794,-122.432332,37.7457842,103
65308450,-122.453303,37.735567,236
65369906,-122.443523,37.7466,184
65369908,-122.443638,37.746622,184
65369913,-122.443754,37.7466788,184
65369916,-122.443847,37.746739,186
65296183,-122.430741,37.740424,77
65296186,-122.431759,37.739803,115
275511833,-122.433471,37.7452089,115
65369939,-122.443324,37.746602,184
65369941,-122.443189,37.746631,184
65369945,-122.442395,37.746886,169
65320809,-122.427839,37.734694,73
65320814,-122.424774,37.7353172,66
65369981,-122.439968,37.745227,188
65369983,-122.439764,37.74497,188
65357696,-122.451421,37.739714,203
65369987,-122.439529,37.744804,176
65345416,-122.454078,37.757027,239
65357721,-122.445305,37.745625,169
258958631,-122.45156,37.7455054,183
258958632,-122.453398,37.7445124,171
65370016,-122.43554,37.741486,169
258958633,-122.45416,37.7439535,175
65357728,-122.446336,37.74546,172
258958634,-122.455178,37.743015,172
258958635,-122.458904,37.7404729,155
258958636,-122.461092,37.7402528,128
65370022,-122.435464,37.741267,151
65370023,-122.435438,37.740974,158
65370025,-122.435521,37.740665,184
65345458,-122.45962,37.75416,194
65345472,-122.452936,37.740223,184
65345475,-122.452993,37.740654,183
65345478,-122.453043,37.741317,177
65296324,-122.435176,37.7627266,70
65296327,-122.435001,37.760889,46
65296328,-122.434698,37.757687,60
65296329,-122.434622,37.756887,57
65296331,-122.434546,37.756093,71
65296333,-122.43447,37.755289,88
65296334,-122.434394,37.754494,100
65296337,-122.434317,37.75369,113
65296340,-122.43424,37.752891,107
65296343,-122.434163,37.752092,98
65296346,-122.43409,37.751304,81
65296348,-122.434007,37.750495,70
65296351,-122.433851,37.748896,72
65296354,-122.433769,37.748097,67
65296356,-122.433697,37.747297,76
65296364,-122.433698,37.746494,89
65296368,-122.433522,37.7456975,98
65296369,-122.433466,37.744881,115
65296372,-122.433397,37.7440809,122
65296374,-122.43332,37.743296,107
65333242,-122.448382,37.7353202,162
65296385,-122.433315,37.742495,98
65296388,-122.433259,37.741903,98
65333260,-122.44833,37.733812,138
65357843,-122.460336,37.735065,169
65345559,-122.459662,37.755024,185
65345565,-122.46021,37.75463,185
65296411,-122.432535,37.735854,96
65296414,-122.432459,37.7350216,79
65296418,-122.432443,37.734843,79
65296421,-122.432417,37.734551,79
65345582,-122.456952,37.7433648,166
65333318,-122.442003,37.7293602,60
65333327,-122.442002,37.733098,122
65333329,-122.442005,37.733812,123
65333337,-122.441064,37.734973,102
65357939,-122.446601,37.733077,128
65321097,-122.456523,37.755462,259
65357968,-122.448845,37.728369,99
65321104,-122.450289,37.757458,203
65333395,-122.423043,37.743114,36
65333397,-122.431022,37.742631,68
65333408,-122.4341,37.7424138,117
65321131,-122.464184,37.752912,150
65333422,-122.451403,37.765616,89
65321134,-122.464462,37.752899,150
65333426,-122.450418,37.760762,118
65321140,-122.467643,37.752756,184
65345732,-122.449842,37.754761,240
65308867,-122.447395,37.759373,132
65345738,-122.451238,37.748833,203
65308878,-122.447036,37.758174,167
65308891,-122.445891,37.75734,149
360687301,-122.442426,37.737222,164
65308901,-122.444964,37.757273,133
65308909,-122.443933,37.756707,144
65308915,-122.443276,37.756234,141
258958977,-122.465239,37.739634,107
65308925,-122.450644,37.742223,179
65308928,-122.453082,37.742082,176
65284418,-122.429391,37.734636,81
65284433,-122.431595,37.733765,72
65296750,-122.459899,37.75732,197
65296752,-122.460624,37.757082,156
65321333,-122.446434,37.761007,134
65296760,-122.461491,37.756777,128
65296769,-122.426822,37.745299,41
65296771,-122.429037,37.745165,64
65296774,-122.431256,37.745032,100
65321352,-122.44808,37.759091,146
65321354,-122.448454,37.7590421,146
65296781,-122.435671,37.744741,135
65296784,-122.437861,37.744634,162
65321362,-122.447915,37.757589,185
65358280,-122.449544,37.7558865,244
65321426,-122.447428,37.7543069,234
65346008,-122.458051,37.7432765,165
65346014,-122.461912,37.740819,123
65321443,-122.447357,37.752721,234
65346027,-122.462807,37.741754,131
65321451,-122.447741,37.752289,242
65346029,-122.463953,37.742259,135
65321468,-122.44873,37.750902,227
65346053,-122.448959,37.760851,117
65346054,-122.448816,37.760141,129
325147806,-122.452169,37.7450698,173
325147813,-122.453269,37.744398,171
325147819,-122.454001,37.7438321,175
358868905,-122.443969,37.7517673,196
65321573,-122.450857,37.745897,188
356718341,-122.43767,37.7337798,66
65321608,-122.447387,37.7522806,242
65321612,-122.447707,37.752703,242
288981412,-122.420714,37.7464724,27
65358494,-122.439498,37.7339359,84
65358498,-122.439807,37.7340445,95
65321635,-122.447546,37.753816,234
65370809,-122.442735,37.735071,111
287838597,-122.447021,37.757461,170
287838598,-122.446678,37.7572303,170
287838599,-122.445871,37.7569588,149
351962609,-122.433991,37.7327046,60
351962611,-122.432272,37.7333384,54
351962612,-122.43214,37.7330143,54
351962614,-122.431914,37.7331656,59
351962615,-122.432511,37.7328604,54
351962617,-122.432586,37.732909,54
351962618,-122.43194,37.733201,59
311187742,-122.441041,37.7445911,191
287838699,-122.449126,37.7568312,229
65334101,-122.432407,37.75702,63
65321822,-122.448166,37.7596745,128
65321828,-122.449215,37.759611,129
65321830,-122.451553,37.759472,168
65321834,-122.451904,37.759448,168
287838782,-122.448901,37.7575356,204
65321868,-122.464091,37.74197,135
65321875,-122.464994,37.74241,133
65371041,-122.44132,37.756202,114
307636416,-122.467175,37.7464664,214
65297337,-122.444621,37.7531329,200
65297340,-122.443762,37.752747,184
65371080,-122.433977,37.741615,129
258959707,-122.455887,37.743516,168
258959708,-122.455291,37.7431101,172
65371097,-122.432969,37.7419299,84
65346552,-122.44355,37.7605385,112
356718785,-122.438501,37.7340984,74
65297455,-122.450031,37.737835,213
65297459,-122.45078,37.738214,228
356718835,-122.438348,37.7345672,73
65297547,-122.444251,37.746117,186
65297570,-122.443243,37.744867,178
65334437,-122.44597,37.7413068,149
65297575,-122.442949,37.745146,185
65346736,-122.430072,37.737449,135
65346738,-122.428977,37.736388,108
65346739,-122.428429,37.735857,88
65346742,-122.428193,37.7356257,88
65309892,-122.45678,37.742149,180
65297605,-122.465378,37.750333,176
65359051,-122.432024,37.753025,87
65309896,-122.456361,37.741668,179
65297613,-122.465043,37.749645,186
65346772,-122.442809,37.744331,176
65334493,-122.44009,37.746348,173
65309941,-122.450376,37.748837,220
65371386,-122.442629,37.744348,176
65346818,-122.441311,37.756885,100
65359107,-122.44319,37.7523488,178
65309953,-122.450279,37.749813,211
65346824,-122.440134,37.756423,117
65309963,-122.450018,37.75126,197
65346839,-122.440063,37.7558473,130
65346843,-122.440897,37.754493,145
65346844,-122.441163,37.75409,146
65309981,-122.450012,37.753936,230
65334565,-122.436238,37.732382,74
65346854,-122.442525,37.75238,164
65346856,-122.442478,37.7518941,164
65334569,-122.446591,37.732337,114
65309992,-122.428753,37.7383386,101
65346862,-122.442724,37.7504861,167
65309997,-122.428256,37.737744,101
65309999,-122.427156,37.736685,94
65310002,-122.426991,37.736528,83
65310014,-122.431175,37.739153,122
65310028,-122.428744,37.7384132,101
65310034,-122.442244,37.756755,127
65310042,-122.441562,37.757549,100
65322351,-122.431877,37.751437,69
65334641,-122.424268,37.739865,52
65322357,-122.439547,37.750963,100
65310074,-122.454946,37.763663,104
65322364,-122.441688,37.7508287,149
65322372,-122.442776,37.7507643,167
65310098,-122.45633,37.7464915,156
65334687,-122.432096,37.7332861,59
65334688,-122.432751,37.7330046,54
65310122,-122.457394,37.74549,144
65310124,-122.458657,37.74571,143
65346992,-122.430178,37.73263,54
65347001,-122.428287,37.754485,98
65347002,-122.428165,37.753257,78
303569278,-122.447525,37.7523213,242
303569303,-122.447602,37.7526606,242
65297899,-122.434401,37.736199,96
65297910,-122.434985,37.735682,95
65297913,-122.435077,37.735577,95
65297922,-122.435365,37.735695,95
65297926,-122.435838,37.735889,102
65297940,-122.437981,37.735805,86
65297946,-122.438821,37.735669,81
65359491,-122.442988,37.734915,119
271433750,-122.427875,37.7597032,26
271433751,-122.427753,37.759719,26
65359518,-122.444406,37.736219,162
356719423,-122.436786,37.7336951,67
65298083,-122.434571,37.738758,137
65298136,-122.44717,37.7540355,234
356719485,-122.437635,37.7338544,66
65347334,-122.439874,37.75762,103
65347335,-122.439622,37.75796,71
65322764,-122.457688,37.732179,154
65359648,-122.444554,37.73494,138
65298221,-122.446589,37.737587,191
65298225,-122.447371,37.737934,200
65335096,-122.430369,37.733933,73
65298234,-122.448925,37.7380176,208
65335102,-122.429567,37.734323,70
65347392,-122.46333,37.751582,159
65335105,-122.428437,37.734951,76
65298240,-122.449464,37.738016,208
65347401,-122.463408,37.751204,159
65298252,-122.451864,37.736716,226
65347419,-122.462268,37.750972,159
65347421,-122.462196,37.751086,153
65298273,-122.451578,37.736057,226
65335149,-122.422439,37.744759,32
65322862,-122.465268,37.7397305,107
271433971,-122.427195,37.7598004,26
271433978,-122.427187,37.7596918,26
271433979,-122.427097,37.7596733,21
65298294,-122.450762,37.734618,196
65298304,-122.450831,37.734463,196
65298305,-122.450077,37.734035,174
65298314,-122.432837,37.734027,64
65335214,-122.46107,37.740895,128
65335238,-122.462389,37.742359,138
65335244,-122.463804,37.742927,142
65359851,-122.453453,37.740222,183
65286177,-122.44787,37.746915,208
65286184,-122.447091,37.746856,179
65286187,-122.446648,37.74676,179
65347643,-122.429296,37.732534,53
65335376,-122.450552,37.751254,186
65347708,-122.459858,37.743806,150
65347759,-122.459369,37.743318,161
65298642,-122.445309,37.76188,160
313880539,-122.463527,37.7438878,151
65372394,-122.452567,37.735645,231
313880554,-122.46381,37.7439217,151
65298664,-122.445309,37.760481,146
313880558,-122.463939,37.7437385,151
313880571,-122.463724,37.743562,151
438478744,-122.433697,37.7399667,135
313880575,-122.463484,37.7436638,151
65298703,-122.457353,37.755689,274
65298742,-122.459565,37.755934,215
438478816,-122.433517,37.7400753,135
65347930,-122.460559,37.731919,167
65347937,-122.461292,37.731326,151
65298820,-122.458853,37.7608,151
65347976,-122.454392,37.751279,159
65286536,-122.462754,37.733144,140
65286540,-122.461732,37.733039,157
65286547,-122.460429,37.732629,173
358870783,-122.440675,37.7567653,117
65348048,-122.452929,37.751215,168
65323484,-122.44435,37.760514,129
65360354,-122.462851,37.746757,181
65348067,-122.452102,37.75296,225
65323491,-122.47019,37.753945,187
65286641,-122.463277,37.749987,168
65286643,-122.463967,37.749569,178
65348093,-122.454154,37.755029,201
65323516,-122.452269,37.745174,173
65298939,-122.439521,37.740357,171
65323519,-122.451626,37.744503,178
65298947,-122.440494,37.7415287,141
65323535,-122.450991,37.7429838,181
65323538,-122.450784,37.74273,181
65323543,-122.450599,37.7418865,179
65323557,-122.449198,37.740829,185
65323562,-122.44697,37.73963,169
65323563,-122.446692,37.73956,169
65323568,-122.446206,37.739086,187
65348146,-122.453769,37.757468,226
271434682,-122.425915,37.7588719,26
65348153,-122.459211,37.745271,147
65348160,-122.461031,37.743836,148
65323586,-122.446227,37.737307,189
65323607,-122.446405,37.735602,165
258961380,-122.458672,37.7468512,139
258961381,-122.458665,37.7467532,139
65323609,-122.446291,37.735224,175
65323625,-122.445782,37.73385,151
65323635,-122.446536,37.733992,143
65286776,-122.463004,37.750837,163
65323643,-122.448331,37.73428,138
65323646,-122.448893,37.734277,157
65286791,-122.463316,37.750168,168
65335951,-122.440982,37.7582156,86
65335958,-122.4402,37.757254,103
65286844,-122.440269,37.729839,62
65336008,-122.427401,37.734507,73
65299144,-122.452869,37.742996,180
65336019,-122.427616,37.733027,51
65299154,-122.453729,37.742209,176
65299156,-122.453964,37.741864,173
65299159,-122.454276,37.741191,173
65323745,-122.428766,37.734768,76
65323746,-122.428742,37.7346007,76
408494073,-122.440973,37.7586378,72
65323757,-122.428452,37.732374,49
65348379,-122.425814,37.742141,39
65348381,-122.425578,37.739795,53
65299226,-122.450692,37.7551048,251
436967744,-122.471437,37.7346853,85
65323812,-122.454764,37.756899,263
65299236,-122.450133,37.754574,240
65323822,-122.455255,37.75588,224
65323826,-122.455559,37.755279,234
65348404,-122.435551,37.734797,82
65348409,-122.4364,37.73491,77
65299261,-122.449715,37.754072,230
65348458,-122.446176,37.737454,189
65348466,-122.445363,37.737406,187
65336188,-122.432017,37.741794,73
65336208,-122.429525,37.736918,128
65373083,-122.441271,37.745048,191
65336218,-122.432225,37.741783,86
65323934,-122.455082,37.760674,186
65360819,-122.439752,37.733111,103
65360820,-122.448873,37.733069,148
65360826,-122.453856,37.732993,167
65360830,-122.454273,37.733025,167
65348554,-122.451604,37.737753,247
260190664,-122.424045,37.7398921,52
65348595,-122.450677,37.740087,203
65287158,-122.459025,37.741795,196
65299460,-122.434626,37.73829,125
65287172,-122.456929,37.742102,180
408494368,-122.441725,37.7582404,88
408494369,-122.4417,37.7582947,88
408494372,-122.441331,37.7583015,88
65299488,-122.436284,37.737324,129
408494403,-122.441554,37.7580776,88
65299504,-122.437622,37.737215,128
65311799,-122.446953,37.76017,141
65299521,-122.438209,37.737723,138
65311818,-122.446772,37.758454,167
65299533,-122.439959,37.7377795,103
65324118,-122.434715,37.734617,84
65324122,-122.434889,37.734061,68
65324124,-122.435413,37.732386,69
65336422,-122.43118,37.744245,92
315429861,-122.459526,37.740708,155
65348723,-122.454133,37.740495,175
315429873,-122.461086,37.7405215,128
65348731,-122.454617,37.740973,175
330754325,-122.447349,37.753945,234
65311946,-122.44889,37.734971,160
65311965,-122.449875,37.733806,174
330754368,-122.448681,37.751002,227
65336562,-122.461214,37.754497,168
65324275,-122.460212,37.745458,151
65336564,-122.460541,37.755028,168
65324277,-122.460386,37.7453262,151
65324278,-122.460728,37.745055,151
65324281,-122.461055,37.7447968,151
65324284,-122.46126,37.744637,151
65324289,-122.444563,37.75833,111
65324296,-122.444665,37.757854,121
65287440,-122.449421,37.7466529,214
65287442,-122.449829,37.746845,213
65287456,-122.451179,37.747361,210
65287458,-122.451762,37.747984,190
65287464,-122.45212,37.748669,184
65287466,-122.452123,37.749351,184
65287468,-122.452133,37.751236,168
65287477,-122.451687,37.752299,187
65287483,-122.451114,37.752556,192
65287486,-122.450733,37.752748,216
315430086,-122.462811,37.7404063,123
65287496,-122.450709,37.753616,245
65287502,-122.451111,37.753931,245
65287510,-122.45257,37.753542,265
65287520,-122.455537,37.753774,195
65312115,-122.438418,37.762291,86
65312117,-122.438377,37.7617415,71
65312121,-122.438265,37.760692,64
65312123,-122.437959,37.757491,71
65312126,-122.437649,37.754296,97
65312130,-122.437494,37.752697,93
65287605,-122.462199,37.766155,85
310317978,-122.427798,37.7597058,26
310317983,-122.427788,37.7581072,49
65349059,-122.431477,37.747434,71
310317986,-122.428191,37.7613006,28
65287621,-122.46177,37.760499,104
65336780,-122.438863,37.737142,109
65312210,-122.430727,37.762753,41
65312216,-122.430574,37.761155,36
65312219,-122.430497,37.760357,32
65312221,-122.430373,37.7587532,50
65312222,-122.430269,37.757955,70
65312226,-122.430129,37.757203,85
65287649,-122.46039,37.759338,143
315430252,-122.460399,37.7410647,165
65312238,-122.430678,37.757125,88
65312246,-122.430038,37.755556,109
65312248,-122.429962,37.7547553,114
315430265,-122.463751,37.743324,143
65312250,-122.429884,37.753957,99
65312252,-122.429807,37.7531537,84
65373698,-122.464418,37.752319,154
65312256,-122.429731,37.752362,72
65312259,-122.429659,37.751571,63
65312260,-122.429577,37.750762,56
65312262,-122.429346,37.748362,55
65312265,-122.42927,37.747564,56
65373712,-122.462715,37.751614,153
65312268,-122.429193,37.746763,61
65312270,-122.429155,37.74636,61
65312272,-122.429116,37.74596,66
65361429,-122.432484,37.757821,54
65312274,-122.428959,37.744363,65
65361430,-122.433591,37.757754,49
65312279,-122.428806,37.742764,51
65312281,-122.428729,37.741964,49
65312293,-122.428911,37.741953,54
65312295,-122.428736,37.740122,69
65312303,-122.43026,37.757155,85
65312309,-122.42962,37.7385763,92
65312314,-122.43077,37.7384745,142
65312316,-122.431268,37.7383727,142
65361476,-122.432432,37.757279,63
65349195,-122.459972,37.747752,139
65312332,-122.433062,37.7400085,135
315430352,-122.462347,37.7407964,123
65349203,-122.462078,37.746123,173
315430357,-122.463016,37.7414513,128
408494981,-122.442266,37.7579147,89
65349237,-122.464161,37.744445,163
315430391,-122.461472,37.7409086,123
315430398,-122.462592,37.7420646,138
315430402,-122.463855,37.7425915,135
65349287,-122.451367,37.758576,193
65324711,-122.462787,37.756927,119
65312447,-122.438271,37.7348319,73
65349322,-122.455052,37.755116,201
65337038,-122.446042,37.7587503,148
65337045,-122.446395,37.758856,160
65337054,-122.446343,37.760411,134
65349348,-122.456448,37.751483,150
65287922,-122.431349,37.736618,127
65287928,-122.430791,37.73609,123
65337084,-122.457824,37.737664,187
65312508,-122.441073,37.759692,73
65287932,-122.430246,37.73556,98
65337088,-122.459714,37.737805,169
65312511,-122.441491,37.759665,80
65287934,-122.429699,37.735027,83
65312517,-122.442307,37.759614,87
65312520,-122.442991,37.759567,102
65312526,-122.444338,37.7585956,112
65337118,-122.459707,37.735504,181
65373987,-122.444451,37.749972,194
65324860,-122.432794,37.761021,36
65324863,-122.433904,37.760955,43
65324866,-122.436114,37.760824,49
65324869,-122.440011,37.760585,77
65324871,-122.441564,37.760489,88
65324875,-122.443374,37.760376,112
65337174,-122.454784,37.72881,114
65324886,-122.444629,37.759708,126
65337191,-122.456077,37.732689,151
65337208,-122.45729,37.733806,179
65288176,-122.463627,37.754788,130
65312795,-122.461562,37.751458,137
65361957,-122.439686,37.730326,79
65312832,-122.459046,37.7472272,145
65312842,-122.458715,37.7466328,139
65312846,-122.458283,37.746243,139
65312848,-122.457917,37.745835,144
65312858,-122.456848,37.744808,151
65312861,-122.456525,37.744058,156
65312871,-122.455942,37.7434635,168
65312877,-122.455312,37.7430608,172
408495506,-122.442248,37.7580368,89
65312914,-122.458847,37.746792,149
65312923,-122.458857,37.747657,145
65312925,-122.458786,37.747812,135
65325254,-122.449155,37.7367456,190
65325256,-122.449365,37.737346,199
65325263,-122.448665,37.7362094,184
65349882,-122.432682,37.736276,113
65337683,-122.453334,37.736747,261
297857858,-122.442589,37.7520909,164
65337689,-122.453167,37.736729,261
65313164,-122.443273,37.7514294,180
261482477,-122.44912,37.741912,169
65313172,-122.443866,37.750613,202
65313175,-122.443969,37.750459,202
261482483,-122.448424,37.741236,171
261482484,-122.446251,37.740107,164
358897396,-122.433171,37.7332974,53
360445917,-122.443381,37.7502588,185
65337875,-122.462333,37.745879,183
65337881,-122.464608,37.745098,163
65337886,-122.467508,37.744865,166
65288737,-122.457759,37.753628,232
65288741,-122.458032,37.75414,224
65288745,-122.458286,37.754619,246
65288747,-122.458444,37.755074,246
360445953,-122.443228,37.750255,185
360445974,-122.44288,37.7516672,165
65337974,-122.426087,37.733938,64
65313409,-122.434967,37.746435,104
65313411,-122.435016,37.746969,95
423746683,-122.428098,37.7596948,32
65313420,-122.427355,37.750896,54
65313422,-122.431794,37.750628,61
315431447,-122.458107,37.746983,140
65350300,-122.465733,37.74569,189
315431450,-122.457257,37.7469016,149
65288867,-122.427277,37.750097,51
65288869,-122.428389,37.750031,53
65288870,-122.4295,37.749965,51
65288872,-122.431717,37.74983,59
65288875,-122.433929,37.749696,68
65325742,-122.462759,37.740775,123
315431472,-122.454356,37.7474309,175
65288878,-122.436138,37.749562,75
65288879,-122.43832,37.74943,90
65288881,-122.43939,37.749365,108
65325748,-122.463795,37.7400356,111
65288883,-122.440459,37.749301,114
65288884,-122.441525,37.7492203,146
65288887,-122.442587,37.7491627,160
65325763,-122.46322,37.741156,128
65350342,-122.461242,37.735782,160
65325765,-122.464302,37.741625,124
65301188,-122.445197,37.746094,188
65301198,-122.446858,37.7461142,179
65301199,-122.447241,37.7460557,192
65362645,-122.432716,37.760224,36
65362651,-122.432177,37.754628,99
65362658,-122.431325,37.745828,110
65362663,-122.430888,37.741833,65
315431534,-122.454227,37.7465215,176
315431536,-122.454899,37.7470085,169
297858267,-122.441936,37.7532784,155
65350389,-122.461678,37.732189,151
65313523,-122.463142,37.748108,191
65313525,-122.463762,37.748607,182
297858278,-122.440948,37.7544036,145
65325864,-122.439947,37.758415,80
297858341,-122.440881,37.7564001,117
65350464,-122.447139,37.741877,166
65350474,-122.449146,37.741881,176
297858360,-122.442306,37.7571873,109
65362775,-122.450999,37.741163,178
258926829,-122.447788,37.7465085,192
258926831,-122.444858,37.7470506,205
65325928,-122.44992,37.74817,222
65362798,-122.455298,37.740595,167
423746913,-122.427849,37.7581018,49
258890007,-122.4563,37.746574,156
258890008,-122.457157,37.7467386,144
315431702,-122.457326,37.7484897,157
65301431,-122.442503,37.7481683,168
65301435,-122.443474,37.74801,188
65326015,-122.454677,37.7460667,173
65362887,-122.442238,37.758104,89
65326026,-122.455488,37.744924,153
65350615,-122.453906,37.757719,238
65362908,-122.465204,37.738835,111
65326045,-122.459185,37.744384,146
360446387,-122.443386,37.751316,180
65326055,-122.458748,37.744274,153
65301487,-122.439691,37.737198,100
65301488,-122.439723,37.735886,85
65289201,-122.434329,37.740116,143
65289203,-122.434311,37.739447,143
65301492,-122.439737,37.7355375,85
65289209,-122.43395,37.738136,125
360679908,-122.44392,37.7420411,135
360679912,-122.443568,37.7421972,143
360679923,-122.442581,37.7433171,158
360679931,-122.44198,37.7435072,160
65350709,-122.440251,37.761047,88
65350723,-122.44846,37.7412185,171
65350725,-122.449959,37.740447,187
65326148,-122.464186,37.750717,168
65326154,-122.46373,37.750347,163
65326175,-122.462673,37.748601,175
65326186,-122.462333,37.747777,184
65313908,-122.437884,37.733092,84
315431953,-122.45712,37.7476617,149
315431964,-122.456923,37.7486118,162
65326245,-122.459545,37.744103,152
65326247,-122.460116,37.744568,148
65301683,-122.444302,37.731605,111
65326282,-122.46171,37.746362,173
65326293,-122.461651,37.745786,169
65326296,-122.461381,37.745569,169
65301720,-122.44432,37.733088,148
65301726,-122.44432,37.733811,144
315432053,-122.457744,37.7480672,157
315432055,-122.457669,37.7486593,158
65326328,-122.459291,37.7434334,161
315432056,-122.457755,37.7489037,158
65326335,-122.459492,37.74406,152
65375586,-122.464981,37.760358,92
65375607,-122.464277,37.750981,168
315432183,-122.458928,37.7473936,145
65326473,-122.457462,37.75369,232
65326478,-122.45603,37.752854,184
65351067,-122.460561,37.7605744,112
65326548,-122.42944,37.7384472,115
65314272,-122.449121,37.748486,233
65314278,-122.447994,37.750004,242
65314286,-122.46751,37.737948,98
65351167,-122.462474,37.738708,131
65314307,-122.463897,37.736327,121
65351176,-122.462039,37.736347,150
65314312,-122.448182,37.75785,176
315432340,-122.454477,37.746046,176
65314325,-122.44949,37.758193,173
65314328,-122.451268,37.758086,185
65314330,-122.452058,37.758038,204
65302105,-122.437769,37.755541,101
65302109,-122.43887,37.7554334,124
65302128,-122.440033,37.755229,130
65302134,-122.440345,37.755228,130
65302203,-122.423378,37.7567717,42
65302214,-122.427892,37.756494,62
65302215,-122.430115,37.75636,95
65302217,-122.43177,37.75626,91
65302219,-122.432331,37.756227,74
65302232,-122.435642,37.756041,78
65302235,-122.436744,37.755966,91
65302237,-122.437803,37.755893,101
65302248,-122.460051,37.748695,130
65302249,-122.459671,37.7489135,130
358861889,-122.445038,37.748483,218
65314556,-122.464042,37.762269,89
65314557,-122.463912,37.760405,94
65326861,-122.447744,37.7463825,192
65326879,-122.447641,37.74807,224
65351478,-122.441188,37.7579035,86
65339205,-122.44435,37.756412,144
65326921,-122.444547,37.748408,206
65326926,-122.463772,37.73567,123
65314638,-122.434304,37.734529,79
65339222,-122.443513,37.757016,116
65339224,-122.442915,37.75736,109
65326938,-122.463134,37.734733,129
65326963,-122.459328,37.739011,153
65326965,-122.459592,37.738533,165
65326974,-122.460715,37.73834,158
65326978,-122.460282,37.737855,169
65326982,-122.459927,37.737115,187
65351565,-122.435124,37.737108,119
65290123,-122.444375,37.756422,144
65314712,-122.439549,37.738688,135
65327003,-122.458009,37.736102,209
65314717,-122.43968,37.738946,114
358886641,-122.428865,37.7347128,81
358862071,-122.443668,37.749054,179
65314729,-122.43906,37.739167,135
65314731,-122.43852,37.7394857,163
65314736,-122.437962,37.7398861,181
65327025,-122.454276,37.736419,256
65290162,-122.445106,37.756961,133
65327062,-122.429947,37.74189,59
65327064,-122.42984,37.740753,68
65327066,-122.43035,37.7402,83
65327072,-122.458185,37.740635,168
65327079,-122.459123,37.740138,138
65327086,-122.458849,37.739158,153
65314855,-122.427503,37.75245,64
65314857,-122.428082,37.752415,71
65314859,-122.429157,37.752349,72
65314864,-122.431947,37.752226,78
65314870,-122.442709,37.7515752,165
65351737,-122.453291,37.736141,261
65364113,-122.448878,37.73381,157
65302678,-122.442667,37.753042,164
65339545,-122.460655,37.742958,149
65302685,-122.442881,37.7527831,164
65327276,-122.432099,37.7466037,89
65302699,-122.44279,37.75257,164
65302704,-122.443742,37.752814,184
65327283,-122.421392,37.7472383,30
65327285,-122.431412,37.74663,89
65302714,-122.431846,37.757054,75
65327305,-122.439216,37.7461711,162
418586916,-122.434708,37.7376086,119
65302755,-122.463236,37.766108,83
65327334,-122.456563,37.756119,274
65302763,-122.462842,37.760452,101
65302764,-122.462787,37.7597611,104
65351930,-122.429308,37.753997,97
315433080,-122.456548,37.7418823,180
65351932,-122.429234,37.753193,84
313860106,-122.465941,37.740965,111
65315100,-122.46413,37.732028,119
65364271,-122.44222,37.756639,127
313860240,-122.471598,37.743232,129
360447866,-122.44299,37.7491288,179
344386151,-122.458774,37.7523332,173
344386154,-122.459025,37.7525467,171
65315265,-122.458696,37.730838,152
344386171,-122.458004,37.7520513,173
360447902,-122.443445,37.748708,179
65315325,-122.464675,37.732523,116
259407832,-122.43416,37.7334915,56
259407842,-122.435012,37.733669,68
259407843,-122.435853,37.7338375,65
259407844,-122.436691,37.7340035,67
259407845,-122.43997,37.7348523,91
65290804,-122.454026,37.7588115,211
65290821,-122.456276,37.757383,282
315433430,-122.458816,37.7477465,135
65352282,-122.455551,37.735502,235
315433440,-122.45948,37.7479264,135
315433443,-122.459862,37.7479759,139
258928660,-122.435692,37.7415105,169
258928663,-122.437741,37.7435445,162
258928665,-122.442211,37.746848,178
258928678,-122.443423,37.746503,184
65352367,-122.453445,37.743408,178
315433560,-122.459088,37.7483428,135
315433585,-122.458708,37.748096,141
325879262,-122.445919,37.7412322,149
423748901,-122.430784,37.7579237,66
65327931,-122.45071,37.769526,82
360448283,-122.441186,37.7370174,117
360448285,-122.441254,37.7370717,117
65327969,-122.439224,37.7429879,163
418587606,-122.429491,37.7338348,70
315433741,-122.459073,37.7481788,135
418587615,-122.430334,37.7336929,73
65340342,-122.432561,37.758622,46
358887694,-122.42942,37.7347568,81
315433843,-122.457915,37.747884,157
315433845,-122.457626,37.7478178,157
315433846,-122.457127,37.7478314,157
65340410,-122.456994,37.74042,162
436972092,-122.471574,37.7348211,85
65291292,-122.427915,37.739652,62
65291311,-122.427428,37.738854,76
65291335,-122.427707,37.737214,101
65303628,-122.428849,37.754832,110
65291341,-122.427879,37.742015,44
65303632,-122.428695,37.753225,78
65291345,-122.427652,37.739668,62
65303635,-122.428615,37.752382,71
315433941,-122.457435,37.7477052,149
65303637,-122.428548,37.751638,63
65303640,-122.428466,37.750829,55
315433946,-122.457352,37.7478253,157
260194957,-122.438939,37.7564716,107
